,Unnamed: 0,Unnamed: 1,2000,2001,2002,2003,2004,2005,2006,2007,2008,2009,2010,2011,2012,2013,2014,2015,2016,2017,2018,2019,2020,2021,2022
0,,,,,,,,,,,,,,,,,,,,,,,,,
1,,Total Cooling System Stock (thousands),33.0,25.0,29.0,34.0,38.0,43.0,49.729,65.476,75.241,86.532,99.598,114.724,121.272,128.236,135.65,143.545,148.071,152.845,157.879,163.182,168.766,174.643,180.825
2,,System Stock by Type (thousands),,,,,,,,,,,,,,,,,,,,,,,
3,,Room,26.0,19.0,22.0,27.0,32.0,35.0,40.239,50.926,59.42,69.33,80.894,94.386,98.912,103.654,108.624,113.832,119.001,124.404,130.053,135.958,142.131,148.585,155.331
4,,Central,7.0,6.0,7.0,7.0,6.0,8.0,9.49,14.55,15.821,17.202,18.704,20.338,22.36,24.582,27.026,29.713,29.07,28.441,27.826,27.224,26.635,26.058,25.494
5,,,,,,,,,,,,,,,,,,,,,,,,,
6,,Shares (%),,,,,,,,,,,,,,,,,,,,,,,
7,,Room,78.787879,76.0,75.862069,79.411765,84.210526,81.395349,80.916568,77.778117,78.9729,80.120649,81.220506,82.272236,81.562108,80.830656,80.076668,79.300568,80.367526,81.39226,82.37511,83.316787,84.217793,85.079276,85.901286
8,,Central,21.212121,24.0,24.137931,20.588235,15.789474,18.604651,19.083432,22.221883,21.0271,19.879351,18.779494,17.727764,18.437892,19.169344,19.923332,20.699432,19.632474,18.60774,17.62489,16.683213,15.782207,14.920724,14.098714
9,,,,,,,,,,,,,,,,,,,,,,,,,
10,,New Unit Efficiencies,,,,,,,,,,,,,,,,,,,,,,,
11,,Room (EER)1,9.35,9.35,9.35,9.35,9.35,9.35,10.9,10.9,10.9,10.9,10.955,11.009,11.064,11.12,11.175,11.231,11.287,11.344,11.4,11.457,11.515,11.572,11.63
12,,Central (SEER)2,10.3,10.3,10.3,10.3,10.3,10.3,13.0,13.0,13.0,13.0,13.065,13.13,13.196,13.262,13.328,13.395,13.462,13.529,13.597,13.665,13.733,13.802,13.871
13,,,,,,,,,,,,,,,,,,,,,,,,,
14,,Stock Efficiencies,,,,,,,,,,,,,,,,,,,,,,,
15,,Room (EER)1,8.254936,8.407393,8.572477,8.753768,8.927578,9.087226,9.496263,9.793013,9.99797,10.143787,10.2841,10.410012,10.521426,10.620173,10.708944,10.789913,10.865869,10.941074,11.017176,11.093046,11.164884,11.229494,11.286495
16,,Central (SEER)2,9.589718,9.658645,9.745657,9.839457,9.933483,10.030914,10.273657,10.497527,10.704959,10.877649,11.058106,11.228533,11.426684,11.618531,11.790865,11.996451,12.216699,12.441051,12.683447,12.917711,13.133485,13.312072,13.431409
17,,,,,,,,,,,,,,,,,,,,,,,,,
18,,Unit Capacity Ratio (Btu/hour),,,,,,,,,,,,,,,,,,,,,,,
19,,Room,9898.0,9829.0,9797.0,9717.0,9531.0,9345.0,9181.0,9015.0,9044.0,9074.0,9105.0,9122.0,9125.0,9127.0,9129.0,9131.0,9218.0,9285.0,9353.0,9472.0,9489.0,9507.0,9526.0
20,,Central,33466.0,33624.0,33768.0,33919.0,33389.0,32873.0,32372.0,31873.0,31879.0,31885.0,31891.0,33257.0,33265.0,33274.0,33282.0,33291.0,33140.0,32989.0,32827.0,32634.0,32637.0,32640.0,32644.0
21,,,,,,,,,,,,,,,,,,,,,,,,,
22,1) Energy Efficiency Ratio.,,,,,,,,,,,,,,,,,,,,,,,,
23,2) Seasonal Energy Efficiency Ratio.,,,,,,,,,,,,,,,,,,,,,,,,
