,REF_DATE,GEO,Projection scenario,Gender,Age group,VALUE
375,2025,Canada,Projection scenario M1: medium-growth,Total - gender,All ages,41651.7
4125,2025,Newfoundland and Labrador,Projection scenario M1: medium-growth,Total - gender,All ages,549.9
7875,2025,Prince Edward Island,Projection scenario M1: medium-growth,Total - gender,All ages,182.7
11625,2025,Nova Scotia,Projection scenario M1: medium-growth,Total - gender,All ages,1093.2
15375,2025,New Brunswick,Projection scenario M1: medium-growth,Total - gender,All ages,869.7
19125,2025,Quebec,Projection scenario M1: medium-growth,Total - gender,All ages,9058.3
22875,2025,Ontario,Projection scenario M1: medium-growth,Total - gender,All ages,16258.3
26625,2025,Manitoba,Projection scenario M1: medium-growth,Total - gender,All ages,1509.7
30375,2025,Saskatchewan,Projection scenario M1: medium-growth,Total - gender,All ages,1267.0
34125,2025,Alberta,Projection scenario M1: medium-growth,Total - gender,All ages,5029.3
37875,2025,British Columbia,Projection scenario M1: medium-growth,Total - gender,All ages,5697.5
41625,2025,Yukon,Projection scenario M1: medium-growth,Total - gender,All ages,48.3
45375,2025,Northwest Territories,Projection scenario M1: medium-growth,Total - gender,All ages,46.0
49125,2025,Nunavut,Projection scenario M1: medium-growth,Total - gender,All ages,41.8
52875,2026,Canada,Projection scenario M1: medium-growth,Total - gender,All ages,41655.5
56625,2026,Newfoundland and Labrador,Projection scenario M1: medium-growth,Total - gender,All ages,549.1
60375,2026,Prince Edward Island,Projection scenario M1: medium-growth,Total - gender,All ages,184.5
64125,2026,Nova Scotia,Projection scenario M1: medium-growth,Total - gender,All ages,1097.8
67875,2026,New Brunswick,Projection scenario M1: medium-growth,Total - gender,All ages,875.3
71625,2026,Quebec,Projection scenario M1: medium-growth,Total - gender,All ages,9023.7
75375,2026,Ontario,Projection scenario M1: medium-growth,Total - gender,All ages,16230.2
79125,2026,Manitoba,Projection scenario M1: medium-growth,Total - gender,All ages,1511.5
82875,2026,Saskatchewan,Projection scenario M1: medium-growth,Total - gender,All ages,1273.9
86625,2026,Alberta,Projection scenario M1: medium-growth,Total - gender,All ages,5093.5
90375,2026,British Columbia,Projection scenario M1: medium-growth,Total - gender,All ages,5679.2
94125,2026,Yukon,Projection scenario M1: medium-growth,Total - gender,All ages,48.7
97875,2026,Northwest Territories,Projection scenario M1: medium-growth,Total - gender,All ages,46.2
101625,2026,Nunavut,Projection scenario M1: medium-growth,Total - gender,All ages,42.1
105375,2027,Canada,Projection scenario M1: medium-growth,Total - gender,All ages,41691.5
109125,2027,Newfoundland and Labrador,Projection scenario M1: medium-growth,Total - gender,All ages,548.6
112875,2027,Prince Edward Island,Projection scenario M1: medium-growth,Total - gender,All ages,186.5
116625,2027,Nova Scotia,Projection scenario M1: medium-growth,Total - gender,All ages,1103.1
120375,2027,New Brunswick,Projection scenario M1: medium-growth,Total - gender,All ages,882.3
124125,2027,Quebec,Projection scenario M1: medium-growth,Total - gender,All ages,8979.0
127875,2027,Ontario,Projection scenario M1: medium-growth,Total - gender,All ages,16221.9
131625,2027,Manitoba,Projection scenario M1: medium-growth,Total - gender,All ages,1515.8
135375,2027,Saskatchewan,Projection scenario M1: medium-growth,Total - gender,All ages,1283.4
139125,2027,Alberta,Projection scenario M1: medium-growth,Total - gender,All ages,5167.4
142875,2027,British Columbia,Projection scenario M1: medium-growth,Total - gender,All ages,5665.3
146625,2027,Yukon,Projection scenario M1: medium-growth,Total - gender,All ages,49.2
150375,2027,Northwest Territories,Projection scenario M1: medium-growth,Total - gender,All ages,46.5
154125,2027,Nunavut,Projection scenario M1: medium-growth,Total - gender,All ages,42.4
157875,2028,Canada,Projection scenario M1: medium-growth,Total - gender,All ages,41877.9
161625,2028,Newfoundland and Labrador,Projection scenario M1: medium-growth,Total - gender,All ages,548.8
165375,2028,Prince Edward Island,Projection scenario M1: medium-growth,Total - gender,All ages,189.0
169125,2028,Nova Scotia,Projection scenario M1: medium-growth,Total - gender,All ages,1110.9
172875,2028,New Brunswick,Projection scenario M1: medium-growth,Total - gender,All ages,891.0
176625,2028,Quebec,Projection scenario M1: medium-growth,Total - gender,All ages,8965.0
180375,2028,Ontario,Projection scenario M1: medium-growth,Total - gender,All ages,16283.5
184125,2028,Manitoba,Projection scenario M1: medium-growth,Total - gender,All ages,1524.6
187875,2028,Saskatchewan,Projection scenario M1: medium-growth,Total - gender,All ages,1295.1
191625,2028,Alberta,Projection scenario M1: medium-growth,Total - gender,All ages,5250.9
195375,2028,British Columbia,Projection scenario M1: medium-growth,Total - gender,All ages,5679.8
199125,2028,Yukon,Projection scenario M1: medium-growth,Total - gender,All ages,49.7
202875,2028,Northwest Territories,Projection scenario M1: medium-growth,Total - gender,All ages,46.8
206625,2028,Nunavut,Projection scenario M1: medium-growth,Total - gender,All ages,42.8
210375,2029,Canada,Projection scenario M1: medium-growth,Total - gender,All ages,42215.7
214125,2029,Newfoundland and Labrador,Projection scenario M1: medium-growth,Total - gender,All ages,549.6
217875,2029,Prince Edward Island,Projection scenario M1: medium-growth,Total - gender,All ages,192.0
221625,2029,Nova Scotia,Projection scenario M1: medium-growth,Total - gender,All ages,1120.9
225375,2029,New Brunswick,Projection scenario M1: medium-growth,Total - gender,All ages,900.6
229125,2029,Quebec,Projection scenario M1: medium-growth,Total - gender,All ages,8980.6
232875,2029,Ontario,Projection scenario M1: medium-growth,Total - gender,All ages,16418.5
236625,2029,Manitoba,Projection scenario M1: medium-growth,Total - gender,All ages,1537.5
240375,2029,Saskatchewan,Projection scenario M1: medium-growth,Total - gender,All ages,1308.1
244125,2029,Alberta,Projection scenario M1: medium-growth,Total - gender,All ages,5344.4
247875,2029,British Columbia,Projection scenario M1: medium-growth,Total - gender,All ages,5722.9
251625,2029,Yukon,Projection scenario M1: medium-growth,Total - gender,All ages,50.4
255375,2029,Northwest Territories,Projection scenario M1: medium-growth,Total - gender,All ages,47.1
259125,2029,Nunavut,Projection scenario M1: medium-growth,Total - gender,All ages,43.1
262875,2030,Canada,Projection scenario M1: medium-growth,Total - gender,All ages,42548.5
266625,2030,Newfoundland and Labrador,Projection scenario M1: medium-growth,Total - gender,All ages,550.2
270375,2030,Prince Edward Island,Projection scenario M1: medium-growth,Total - gender,All ages,195.0
274125,2030,Nova Scotia,Projection scenario M1: medium-growth,Total - gender,All ages,1130.2
277875,2030,New Brunswick,Projection scenario M1: medium-growth,Total - gender,All ages,909.9
281625,2030,Quebec,Projection scenario M1: medium-growth,Total - gender,All ages,8994.1
285375,2030,Ontario,Projection scenario M1: medium-growth,Total - gender,All ages,16553.9
289125,2030,Manitoba,Projection scenario M1: medium-growth,Total - gender,All ages,1550.4
292875,2030,Saskatchewan,Projection scenario M1: medium-growth,Total - gender,All ages,1321.0
296625,2030,Alberta,Projection scenario M1: medium-growth,Total - gender,All ages,5435.3
300375,2030,British Columbia,Projection scenario M1: medium-growth,Total - gender,All ages,5766.7
304125,2030,Yukon,Projection scenario M1: medium-growth,Total - gender,All ages,51.0
307875,2030,Northwest Territories,Projection scenario M1: medium-growth,Total - gender,All ages,47.3
311625,2030,Nunavut,Projection scenario M1: medium-growth,Total - gender,All ages,43.5
315375,2031,Canada,Projection scenario M1: medium-growth,Total - gender,All ages,42875.1
319125,2031,Newfoundland and Labrador,Projection scenario M1: medium-growth,Total - gender,All ages,550.6
322875,2031,Prince Edward Island,Projection scenario M1: medium-growth,Total - gender,All ages,197.5
326625,2031,Nova Scotia,Projection scenario M1: medium-growth,Total - gender,All ages,1138.4
330375,2031,New Brunswick,Projection scenario M1: medium-growth,Total - gender,All ages,919.0
334125,2031,Quebec,Projection scenario M1: medium-growth,Total - gender,All ages,9005.7
337875,2031,Ontario,Projection scenario M1: medium-growth,Total - gender,All ages,16685.7
341625,2031,Manitoba,Projection scenario M1: medium-growth,Total - gender,All ages,1563.3
345375,2031,Saskatchewan,Projection scenario M1: medium-growth,Total - gender,All ages,1334.3
349125,2031,Alberta,Projection scenario M1: medium-growth,Total - gender,All ages,5530.6
352875,2031,British Columbia,Projection scenario M1: medium-growth,Total - gender,All ages,5806.8
356625,2031,Yukon,Projection scenario M1: medium-growth,Total - gender,All ages,51.6
360375,2031,Northwest Territories,Projection scenario M1: medium-growth,Total - gender,All ages,47.6
364125,2031,Nunavut,Projection scenario M1: medium-growth,Total - gender,All ages,43.9
367875,2032,Canada,Projection scenario M1: medium-growth,Total - gender,All ages,43195.9
371625,2032,Newfoundland and Labrador,Projection scenario M1: medium-growth,Total - gender,All ages,550.9
375375,2032,Prince Edward Island,Projection scenario M1: medium-growth,Total - gender,All ages,199.8
379125,2032,Nova Scotia,Projection scenario M1: medium-growth,Total - gender,All ages,1145.9
382875,2032,New Brunswick,Projection scenario M1: medium-growth,Total - gender,All ages,927.6
386625,2032,Quebec,Projection scenario M1: medium-growth,Total - gender,All ages,9015.2
390375,2032,Ontario,Projection scenario M1: medium-growth,Total - gender,All ages,16817.3
394125,2032,Manitoba,Projection scenario M1: medium-growth,Total - gender,All ages,1576.4
397875,2032,Saskatchewan,Projection scenario M1: medium-growth,Total - gender,All ages,1347.5
401625,2032,Alberta,Projection scenario M1: medium-growth,Total - gender,All ages,5623.5
405375,2032,British Columbia,Projection scenario M1: medium-growth,Total - gender,All ages,5847.4
409125,2032,Yukon,Projection scenario M1: medium-growth,Total - gender,All ages,52.2
412875,2032,Northwest Territories,Projection scenario M1: medium-growth,Total - gender,All ages,47.9
416625,2032,Nunavut,Projection scenario M1: medium-growth,Total - gender,All ages,44.3
420375,2033,Canada,Projection scenario M1: medium-growth,Total - gender,All ages,43511.4
424125,2033,Newfoundland and Labrador,Projection scenario M1: medium-growth,Total - gender,All ages,551.0
427875,2033,Prince Edward Island,Projection scenario M1: medium-growth,Total - gender,All ages,202.0
431625,2033,Nova Scotia,Projection scenario M1: medium-growth,Total - gender,All ages,1152.6
435375,2033,New Brunswick,Projection scenario M1: medium-growth,Total - gender,All ages,935.7
439125,2033,Quebec,Projection scenario M1: medium-growth,Total - gender,All ages,9022.7
442875,2033,Ontario,Projection scenario M1: medium-growth,Total - gender,All ages,16949.1
446625,2033,Manitoba,Projection scenario M1: medium-growth,Total - gender,All ages,1589.5
450375,2033,Saskatchewan,Projection scenario M1: medium-growth,Total - gender,All ages,1360.7
454125,2033,Alberta,Projection scenario M1: medium-growth,Total - gender,All ages,5714.1
457875,2033,British Columbia,Projection scenario M1: medium-growth,Total - gender,All ages,5888.4
461625,2033,Yukon,Projection scenario M1: medium-growth,Total - gender,All ages,52.8
465375,2033,Northwest Territories,Projection scenario M1: medium-growth,Total - gender,All ages,48.1
469125,2033,Nunavut,Projection scenario M1: medium-growth,Total - gender,All ages,44.6
472875,2034,Canada,Projection scenario M1: medium-growth,Total - gender,All ages,43822.2
476625,2034,Newfoundland and Labrador,Projection scenario M1: medium-growth,Total - gender,All ages,550.9
480375,2034,Prince Edward Island,Projection scenario M1: medium-growth,Total - gender,All ages,204.0
484125,2034,Nova Scotia,Projection scenario M1: medium-growth,Total - gender,All ages,1158.6
487875,2034,New Brunswick,Projection scenario M1: medium-growth,Total - gender,All ages,943.4
491625,2034,Quebec,Projection scenario M1: medium-growth,Total - gender,All ages,9028.6
495375,2034,Ontario,Projection scenario M1: medium-growth,Total - gender,All ages,17081.3
499125,2034,Manitoba,Projection scenario M1: medium-growth,Total - gender,All ages,1602.6
502875,2034,Saskatchewan,Projection scenario M1: medium-growth,Total - gender,All ages,1373.7
506625,2034,Alberta,Projection scenario M1: medium-growth,Total - gender,All ages,5802.2
510375,2034,British Columbia,Projection scenario M1: medium-growth,Total - gender,All ages,5930.1
514125,2034,Yukon,Projection scenario M1: medium-growth,Total - gender,All ages,53.4
517875,2034,Northwest Territories,Projection scenario M1: medium-growth,Total - gender,All ages,48.3
521625,2034,Nunavut,Projection scenario M1: medium-growth,Total - gender,All ages,45.0
525375,2035,Canada,Projection scenario M1: medium-growth,Total - gender,All ages,44129.0
529125,2035,Newfoundland and Labrador,Projection scenario M1: medium-growth,Total - gender,All ages,550.6
532875,2035,Prince Edward Island,Projection scenario M1: medium-growth,Total - gender,All ages,205.9
536625,2035,Nova Scotia,Projection scenario M1: medium-growth,Total - gender,All ages,1163.7
540375,2035,New Brunswick,Projection scenario M1: medium-growth,Total - gender,All ages,950.6
544125,2035,Quebec,Projection scenario M1: medium-growth,Total - gender,All ages,9033.0
547875,2035,Ontario,Projection scenario M1: medium-growth,Total - gender,All ages,17214.4
551625,2035,Manitoba,Projection scenario M1: medium-growth,Total - gender,All ages,1615.9
555375,2035,Saskatchewan,Projection scenario M1: medium-growth,Total - gender,All ages,1386.7
559125,2035,Alberta,Projection scenario M1: medium-growth,Total - gender,All ages,5887.8
562875,2035,British Columbia,Projection scenario M1: medium-growth,Total - gender,All ages,5972.4
566625,2035,Yukon,Projection scenario M1: medium-growth,Total - gender,All ages,53.9
570375,2035,Northwest Territories,Projection scenario M1: medium-growth,Total - gender,All ages,48.5
574125,2035,Nunavut,Projection scenario M1: medium-growth,Total - gender,All ages,45.4
577875,2036,Canada,Projection scenario M1: medium-growth,Total - gender,All ages,44432.5
581625,2036,Newfoundland and Labrador,Projection scenario M1: medium-growth,Total - gender,All ages,550.2
585375,2036,Prince Edward Island,Projection scenario M1: medium-growth,Total - gender,All ages,207.8
589125,2036,Nova Scotia,Projection scenario M1: medium-growth,Total - gender,All ages,1168.8
592875,2036,New Brunswick,Projection scenario M1: medium-growth,Total - gender,All ages,957.8
596625,2036,Quebec,Projection scenario M1: medium-growth,Total - gender,All ages,9036.2
600375,2036,Ontario,Projection scenario M1: medium-growth,Total - gender,All ages,17346.1
604125,2036,Manitoba,Projection scenario M1: medium-growth,Total - gender,All ages,1629.2
607875,2036,Saskatchewan,Projection scenario M1: medium-growth,Total - gender,All ages,1399.7
611625,2036,Alberta,Projection scenario M1: medium-growth,Total - gender,All ages,5973.6
615375,2036,British Columbia,Projection scenario M1: medium-growth,Total - gender,All ages,6014.2
619125,2036,Yukon,Projection scenario M1: medium-growth,Total - gender,All ages,54.5
622875,2036,Northwest Territories,Projection scenario M1: medium-growth,Total - gender,All ages,48.7
626625,2036,Nunavut,Projection scenario M1: medium-growth,Total - gender,All ages,45.8
630375,2037,Canada,Projection scenario M1: medium-growth,Total - gender,All ages,44733.7
634125,2037,Newfoundland and Labrador,Projection scenario M1: medium-growth,Total - gender,All ages,549.9
637875,2037,Prince Edward Island,Projection scenario M1: medium-growth,Total - gender,All ages,209.6
641625,2037,Nova Scotia,Projection scenario M1: medium-growth,Total - gender,All ages,1173.7
645375,2037,New Brunswick,Projection scenario M1: medium-growth,Total - gender,All ages,964.9
649125,2037,Quebec,Projection scenario M1: medium-growth,Total - gender,All ages,9038.5
652875,2037,Ontario,Projection scenario M1: medium-growth,Total - gender,All ages,17476.7
656625,2037,Manitoba,Projection scenario M1: medium-growth,Total - gender,All ages,1642.4
660375,2037,Saskatchewan,Projection scenario M1: medium-growth,Total - gender,All ages,1412.8
664125,2037,Alberta,Projection scenario M1: medium-growth,Total - gender,All ages,6059.6
667875,2037,British Columbia,Projection scenario M1: medium-growth,Total - gender,All ages,6055.3
671625,2037,Yukon,Projection scenario M1: medium-growth,Total - gender,All ages,55.0
675375,2037,Northwest Territories,Projection scenario M1: medium-growth,Total - gender,All ages,48.9
679125,2037,Nunavut,Projection scenario M1: medium-growth,Total - gender,All ages,46.3
682875,2038,Canada,Projection scenario M1: medium-growth,Total - gender,All ages,45033.1
686625,2038,Newfoundland and Labrador,Projection scenario M1: medium-growth,Total - gender,All ages,549.4
690375,2038,Prince Edward Island,Projection scenario M1: medium-growth,Total - gender,All ages,211.5
694125,2038,Nova Scotia,Projection scenario M1: medium-growth,Total - gender,All ages,1178.5
697875,2038,New Brunswick,Projection scenario M1: medium-growth,Total - gender,All ages,971.9
701625,2038,Quebec,Projection scenario M1: medium-growth,Total - gender,All ages,9040.2
705375,2038,Ontario,Projection scenario M1: medium-growth,Total - gender,All ages,17606.5
709125,2038,Manitoba,Projection scenario M1: medium-growth,Total - gender,All ages,1655.7
712875,2038,Saskatchewan,Projection scenario M1: medium-growth,Total - gender,All ages,1425.9
716625,2038,Alberta,Projection scenario M1: medium-growth,Total - gender,All ages,6146.0
720375,2038,British Columbia,Projection scenario M1: medium-growth,Total - gender,All ages,6096.0
724125,2038,Yukon,Projection scenario M1: medium-growth,Total - gender,All ages,55.6
727875,2038,Northwest Territories,Projection scenario M1: medium-growth,Total - gender,All ages,49.1
731625,2038,Nunavut,Projection scenario M1: medium-growth,Total - gender,All ages,46.7
735375,2039,Canada,Projection scenario M1: medium-growth,Total - gender,All ages,45331.6
739125,2039,Newfoundland and Labrador,Projection scenario M1: medium-growth,Total - gender,All ages,549.0
742875,2039,Prince Edward Island,Projection scenario M1: medium-growth,Total - gender,All ages,213.3
746625,2039,Nova Scotia,Projection scenario M1: medium-growth,Total - gender,All ages,1183.3
750375,2039,New Brunswick,Projection scenario M1: medium-growth,Total - gender,All ages,978.9
754125,2039,Quebec,Projection scenario M1: medium-growth,Total - gender,All ages,9041.3
757875,2039,Ontario,Projection scenario M1: medium-growth,Total - gender,All ages,17735.8
761625,2039,Manitoba,Projection scenario M1: medium-growth,Total - gender,All ages,1669.0
765375,2039,Saskatchewan,Projection scenario M1: medium-growth,Total - gender,All ages,1439.1
769125,2039,Alberta,Projection scenario M1: medium-growth,Total - gender,All ages,6232.9
772875,2039,British Columbia,Projection scenario M1: medium-growth,Total - gender,All ages,6136.4
776625,2039,Yukon,Projection scenario M1: medium-growth,Total - gender,All ages,56.1
780375,2039,Northwest Territories,Projection scenario M1: medium-growth,Total - gender,All ages,49.3
784125,2039,Nunavut,Projection scenario M1: medium-growth,Total - gender,All ages,47.1
787875,2040,Canada,Projection scenario M1: medium-growth,Total - gender,All ages,45629.9
791625,2040,Newfoundland and Labrador,Projection scenario M1: medium-growth,Total - gender,All ages,548.5
795375,2040,Prince Edward Island,Projection scenario M1: medium-growth,Total - gender,All ages,215.2
799125,2040,Nova Scotia,Projection scenario M1: medium-growth,Total - gender,All ages,1188.1
802875,2040,New Brunswick,Projection scenario M1: medium-growth,Total - gender,All ages,985.9
806625,2040,Quebec,Projection scenario M1: medium-growth,Total - gender,All ages,9042.1
810375,2040,Ontario,Projection scenario M1: medium-growth,Total - gender,All ages,17864.9
814125,2040,Manitoba,Projection scenario M1: medium-growth,Total - gender,All ages,1682.4
817875,2040,Saskatchewan,Projection scenario M1: medium-growth,Total - gender,All ages,1452.4
821625,2040,Alberta,Projection scenario M1: medium-growth,Total - gender,All ages,6320.1
825375,2040,British Columbia,Projection scenario M1: medium-growth,Total - gender,All ages,6176.7
829125,2040,Yukon,Projection scenario M1: medium-growth,Total - gender,All ages,56.7
832875,2040,Northwest Territories,Projection scenario M1: medium-growth,Total - gender,All ages,49.5
836625,2040,Nunavut,Projection scenario M1: medium-growth,Total - gender,All ages,47.5
840375,2041,Canada,Projection scenario M1: medium-growth,Total - gender,All ages,45928.6
844125,2041,Newfoundland and Labrador,Projection scenario M1: medium-growth,Total - gender,All ages,548.0
847875,2041,Prince Edward Island,Projection scenario M1: medium-growth,Total - gender,All ages,217.0
851625,2041,Nova Scotia,Projection scenario M1: medium-growth,Total - gender,All ages,1192.8
855375,2041,New Brunswick,Projection scenario M1: medium-growth,Total - gender,All ages,993.0
859125,2041,Quebec,Projection scenario M1: medium-growth,Total - gender,All ages,9042.7
862875,2041,Ontario,Projection scenario M1: medium-growth,Total - gender,All ages,17994.1
866625,2041,Manitoba,Projection scenario M1: medium-growth,Total - gender,All ages,1695.8
870375,2041,Saskatchewan,Projection scenario M1: medium-growth,Total - gender,All ages,1465.7
874125,2041,Alberta,Projection scenario M1: medium-growth,Total - gender,All ages,6407.9
877875,2041,British Columbia,Projection scenario M1: medium-growth,Total - gender,All ages,6216.9
881625,2041,Yukon,Projection scenario M1: medium-growth,Total - gender,All ages,57.2
885375,2041,Northwest Territories,Projection scenario M1: medium-growth,Total - gender,All ages,49.7
889125,2041,Nunavut,Projection scenario M1: medium-growth,Total - gender,All ages,47.9
892875,2042,Canada,Projection scenario M1: medium-growth,Total - gender,All ages,46228.0
896625,2042,Newfoundland and Labrador,Projection scenario M1: medium-growth,Total - gender,All ages,547.5
900375,2042,Prince Edward Island,Projection scenario M1: medium-growth,Total - gender,All ages,218.8
904125,2042,Nova Scotia,Projection scenario M1: medium-growth,Total - gender,All ages,1197.5
907875,2042,New Brunswick,Projection scenario M1: medium-growth,Total - gender,All ages,1000.0
911625,2042,Quebec,Projection scenario M1: medium-growth,Total - gender,All ages,9043.3
915375,2042,Ontario,Projection scenario M1: medium-growth,Total - gender,All ages,18123.5
919125,2042,Manitoba,Projection scenario M1: medium-growth,Total - gender,All ages,1709.2
922875,2042,Saskatchewan,Projection scenario M1: medium-growth,Total - gender,All ages,1479.0
926625,2042,Alberta,Projection scenario M1: medium-growth,Total - gender,All ages,6496.2
930375,2042,British Columbia,Projection scenario M1: medium-growth,Total - gender,All ages,6257.1
934125,2042,Yukon,Projection scenario M1: medium-growth,Total - gender,All ages,57.8
937875,2042,Northwest Territories,Projection scenario M1: medium-growth,Total - gender,All ages,49.8
941625,2042,Nunavut,Projection scenario M1: medium-growth,Total - gender,All ages,48.3
945375,2043,Canada,Projection scenario M1: medium-growth,Total - gender,All ages,46528.8
949125,2043,Newfoundland and Labrador,Projection scenario M1: medium-growth,Total - gender,All ages,547.1
952875,2043,Prince Edward Island,Projection scenario M1: medium-growth,Total - gender,All ages,220.7
956625,2043,Nova Scotia,Projection scenario M1: medium-growth,Total - gender,All ages,1202.2
960375,2043,New Brunswick,Projection scenario M1: medium-growth,Total - gender,All ages,1007.1
964125,2043,Quebec,Projection scenario M1: medium-growth,Total - gender,All ages,9043.8
967875,2043,Ontario,Projection scenario M1: medium-growth,Total - gender,All ages,18253.3
971625,2043,Manitoba,Projection scenario M1: medium-growth,Total - gender,All ages,1722.7
975375,2043,Saskatchewan,Projection scenario M1: medium-growth,Total - gender,All ages,1492.4
979125,2043,Alberta,Projection scenario M1: medium-growth,Total - gender,All ages,6584.9
982875,2043,British Columbia,Projection scenario M1: medium-growth,Total - gender,All ages,6297.5
986625,2043,Yukon,Projection scenario M1: medium-growth,Total - gender,All ages,58.3
990375,2043,Northwest Territories,Projection scenario M1: medium-growth,Total - gender,All ages,50.0
994125,2043,Nunavut,Projection scenario M1: medium-growth,Total - gender,All ages,48.7
997875,2044,Canada,Projection scenario M1: medium-growth,Total - gender,All ages,46831.0
1001625,2044,Newfoundland and Labrador,Projection scenario M1: medium-growth,Total - gender,All ages,546.6
1005375,2044,Prince Edward Island,Projection scenario M1: medium-growth,Total - gender,All ages,222.5
1009125,2044,Nova Scotia,Projection scenario M1: medium-growth,Total - gender,All ages,1207.0
1012875,2044,New Brunswick,Projection scenario M1: medium-growth,Total - gender,All ages,1014.2
1016625,2044,Quebec,Projection scenario M1: medium-growth,Total - gender,All ages,9044.2
1020375,2044,Ontario,Projection scenario M1: medium-growth,Total - gender,All ages,18383.8
1024125,2044,Manitoba,Projection scenario M1: medium-growth,Total - gender,All ages,1736.3
1027875,2044,Saskatchewan,Projection scenario M1: medium-growth,Total - gender,All ages,1505.9
1031625,2044,Alberta,Projection scenario M1: medium-growth,Total - gender,All ages,6674.2
1035375,2044,British Columbia,Projection scenario M1: medium-growth,Total - gender,All ages,6338.2
1039125,2044,Yukon,Projection scenario M1: medium-growth,Total - gender,All ages,58.9
1042875,2044,Northwest Territories,Projection scenario M1: medium-growth,Total - gender,All ages,50.2
1046625,2044,Nunavut,Projection scenario M1: medium-growth,Total - gender,All ages,49.1
1050375,2045,Canada,Projection scenario M1: medium-growth,Total - gender,All ages,47134.9
1054125,2045,Newfoundland and Labrador,Projection scenario M1: medium-growth,Total - gender,All ages,546.1
1057875,2045,Prince Edward Island,Projection scenario M1: medium-growth,Total - gender,All ages,224.4
1061625,2045,Nova Scotia,Projection scenario M1: medium-growth,Total - gender,All ages,1211.9
1065375,2045,New Brunswick,Projection scenario M1: medium-growth,Total - gender,All ages,1021.5
1069125,2045,Quebec,Projection scenario M1: medium-growth,Total - gender,All ages,9044.7
1072875,2045,Ontario,Projection scenario M1: medium-growth,Total - gender,All ages,18514.8
1076625,2045,Manitoba,Projection scenario M1: medium-growth,Total - gender,All ages,1749.9
1080375,2045,Saskatchewan,Projection scenario M1: medium-growth,Total - gender,All ages,1519.4
1084125,2045,Alberta,Projection scenario M1: medium-growth,Total - gender,All ages,6764.0
1087875,2045,British Columbia,Projection scenario M1: medium-growth,Total - gender,All ages,6379.2
1091625,2045,Yukon,Projection scenario M1: medium-growth,Total - gender,All ages,59.4
1095375,2045,Northwest Territories,Projection scenario M1: medium-growth,Total - gender,All ages,50.3
1099125,2045,Nunavut,Projection scenario M1: medium-growth,Total - gender,All ages,49.4
1102875,2046,Canada,Projection scenario M1: medium-growth,Total - gender,All ages,47440.7
1106625,2046,Newfoundland and Labrador,Projection scenario M1: medium-growth,Total - gender,All ages,545.7
1110375,2046,Prince Edward Island,Projection scenario M1: medium-growth,Total - gender,All ages,226.2
1114125,2046,Nova Scotia,Projection scenario M1: medium-growth,Total - gender,All ages,1216.7
1117875,2046,New Brunswick,Projection scenario M1: medium-growth,Total - gender,All ages,1028.7
1121625,2046,Quebec,Projection scenario M1: medium-growth,Total - gender,All ages,9045.2
1125375,2046,Ontario,Projection scenario M1: medium-growth,Total - gender,All ages,18646.6
1129125,2046,Manitoba,Projection scenario M1: medium-growth,Total - gender,All ages,1763.7
1132875,2046,Saskatchewan,Projection scenario M1: medium-growth,Total - gender,All ages,1533.0
1136625,2046,Alberta,Projection scenario M1: medium-growth,Total - gender,All ages,6854.2
1140375,2046,British Columbia,Projection scenario M1: medium-growth,Total - gender,All ages,6420.5
1144125,2046,Yukon,Projection scenario M1: medium-growth,Total - gender,All ages,60.0
1147875,2046,Northwest Territories,Projection scenario M1: medium-growth,Total - gender,All ages,50.5
1151625,2046,Nunavut,Projection scenario M1: medium-growth,Total - gender,All ages,49.8
1155375,2047,Canada,Projection scenario M1: medium-growth,Total - gender,All ages,47748.6
1159125,2047,Newfoundland and Labrador,Projection scenario M1: medium-growth,Total - gender,All ages,545.3
1162875,2047,Prince Edward Island,Projection scenario M1: medium-growth,Total - gender,All ages,228.1
1166625,2047,Nova Scotia,Projection scenario M1: medium-growth,Total - gender,All ages,1221.7
1170375,2047,New Brunswick,Projection scenario M1: medium-growth,Total - gender,All ages,1036.1
1174125,2047,Quebec,Projection scenario M1: medium-growth,Total - gender,All ages,9045.6
1177875,2047,Ontario,Projection scenario M1: medium-growth,Total - gender,All ages,18779.1
1181625,2047,Manitoba,Projection scenario M1: medium-growth,Total - gender,All ages,1777.6
1185375,2047,Saskatchewan,Projection scenario M1: medium-growth,Total - gender,All ages,1546.6
1189125,2047,Alberta,Projection scenario M1: medium-growth,Total - gender,All ages,6945.0
1192875,2047,British Columbia,Projection scenario M1: medium-growth,Total - gender,All ages,6462.2
1196625,2047,Yukon,Projection scenario M1: medium-growth,Total - gender,All ages,60.6
1200375,2047,Northwest Territories,Projection scenario M1: medium-growth,Total - gender,All ages,50.6
1204125,2047,Nunavut,Projection scenario M1: medium-growth,Total - gender,All ages,50.1
1207875,2048,Canada,Projection scenario M1: medium-growth,Total - gender,All ages,48058.5
1211625,2048,Newfoundland and Labrador,Projection scenario M1: medium-growth,Total - gender,All ages,545.0
1215375,2048,Prince Edward Island,Projection scenario M1: medium-growth,Total - gender,All ages,229.9
1219125,2048,Nova Scotia,Projection scenario M1: medium-growth,Total - gender,All ages,1226.8
1222875,2048,New Brunswick,Projection scenario M1: medium-growth,Total - gender,All ages,1043.5
1226625,2048,Quebec,Projection scenario M1: medium-growth,Total - gender,All ages,9046.2
1230375,2048,Ontario,Projection scenario M1: medium-growth,Total - gender,All ages,18912.4
1234125,2048,Manitoba,Projection scenario M1: medium-growth,Total - gender,All ages,1791.5
1237875,2048,Saskatchewan,Projection scenario M1: medium-growth,Total - gender,All ages,1560.2
1241625,2048,Alberta,Projection scenario M1: medium-growth,Total - gender,All ages,7036.3
1245375,2048,British Columbia,Projection scenario M1: medium-growth,Total - gender,All ages,6504.4
1249125,2048,Yukon,Projection scenario M1: medium-growth,Total - gender,All ages,61.1
1252875,2048,Northwest Territories,Projection scenario M1: medium-growth,Total - gender,All ages,50.7
1256625,2048,Nunavut,Projection scenario M1: medium-growth,Total - gender,All ages,50.5
1260375,2049,Canada,Projection scenario M1: medium-growth,Total - gender,All ages,48370.7
1264125,2049,Newfoundland and Labrador,Projection scenario M1: medium-growth,Total - gender,All ages,544.6
1267875,2049,Prince Edward Island,Projection scenario M1: medium-growth,Total - gender,All ages,231.8
1271625,2049,Nova Scotia,Projection scenario M1: medium-growth,Total - gender,All ages,1231.9
1275375,2049,New Brunswick,Projection scenario M1: medium-growth,Total - gender,All ages,1051.1
1279125,2049,Quebec,Projection scenario M1: medium-growth,Total - gender,All ages,9046.7
1282875,2049,Ontario,Projection scenario M1: medium-growth,Total - gender,All ages,19046.7
1286625,2049,Manitoba,Projection scenario M1: medium-growth,Total - gender,All ages,1805.6
1290375,2049,Saskatchewan,Projection scenario M1: medium-growth,Total - gender,All ages,1574.0
1294125,2049,Alberta,Projection scenario M1: medium-growth,Total - gender,All ages,7128.0
1297875,2049,British Columbia,Projection scenario M1: medium-growth,Total - gender,All ages,6547.0
1301625,2049,Yukon,Projection scenario M1: medium-growth,Total - gender,All ages,61.7
1305375,2049,Northwest Territories,Projection scenario M1: medium-growth,Total - gender,All ages,50.9
1309125,2049,Nunavut,Projection scenario M1: medium-growth,Total - gender,All ages,50.8
1312875,2050,Canada,Projection scenario M1: medium-growth,Total - gender,All ages,48685.1
1316625,2050,Newfoundland and Labrador,Projection scenario M1: medium-growth,Total - gender,All ages,544.3
1320375,2050,Prince Edward Island,Projection scenario M1: medium-growth,Total - gender,All ages,233.8
1324125,2050,Nova Scotia,Projection scenario M1: medium-growth,Total - gender,All ages,1237.2
1327875,2050,New Brunswick,Projection scenario M1: medium-growth,Total - gender,All ages,1058.7
1331625,2050,Quebec,Projection scenario M1: medium-growth,Total - gender,All ages,9047.2
1335375,2050,Ontario,Projection scenario M1: medium-growth,Total - gender,All ages,19181.7
1339125,2050,Manitoba,Projection scenario M1: medium-growth,Total - gender,All ages,1819.8
1342875,2050,Saskatchewan,Projection scenario M1: medium-growth,Total - gender,All ages,1587.7
1346625,2050,Alberta,Projection scenario M1: medium-growth,Total - gender,All ages,7220.1
1350375,2050,British Columbia,Projection scenario M1: medium-growth,Total - gender,All ages,6590.2
1354125,2050,Yukon,Projection scenario M1: medium-growth,Total - gender,All ages,62.3
1357875,2050,Northwest Territories,Projection scenario M1: medium-growth,Total - gender,All ages,51.0
1361625,2050,Nunavut,Projection scenario M1: medium-growth,Total - gender,All ages,51.1
1365375,2051,Canada,Projection scenario M1: medium-growth,Total - gender,All ages,49001.8
1369116,2051,Newfoundland and Labrador,Projection scenario M1: medium-growth,Total - gender,All ages,
1371678,2051,Prince Edward Island,Projection scenario M1: medium-growth,Total - gender,All ages,
1374240,2051,Nova Scotia,Projection scenario M1: medium-growth,Total - gender,All ages,
1376802,2051,New Brunswick,Projection scenario M1: medium-growth,Total - gender,All ages,
1379364,2051,Quebec,Projection scenario M1: medium-growth,Total - gender,All ages,
1381926,2051,Ontario,Projection scenario M1: medium-growth,Total - gender,All ages,
1384488,2051,Manitoba,Projection scenario M1: medium-growth,Total - gender,All ages,
1387050,2051,Saskatchewan,Projection scenario M1: medium-growth,Total - gender,All ages,
1389612,2051,Alberta,Projection scenario M1: medium-growth,Total - gender,All ages,
1392174,2051,British Columbia,Projection scenario M1: medium-growth,Total - gender,All ages,
1394736,2051,Yukon,Projection scenario M1: medium-growth,Total - gender,All ages,
1397298,2051,Northwest Territories,Projection scenario M1: medium-growth,Total - gender,All ages,
1399860,2051,Nunavut,Projection scenario M1: medium-growth,Total - gender,All ages,
1402431,2052,Canada,Projection scenario M1: medium-growth,Total - gender,All ages,49318.9
1406172,2052,Newfoundland and Labrador,Projection scenario M1: medium-growth,Total - gender,All ages,
1408734,2052,Prince Edward Island,Projection scenario M1: medium-growth,Total - gender,All ages,
1411296,2052,Nova Scotia,Projection scenario M1: medium-growth,Total - gender,All ages,
1413858,2052,New Brunswick,Projection scenario M1: medium-growth,Total - gender,All ages,
1416420,2052,Quebec,Projection scenario M1: medium-growth,Total - gender,All ages,
1418982,2052,Ontario,Projection scenario M1: medium-growth,Total - gender,All ages,
1421544,2052,Manitoba,Projection scenario M1: medium-growth,Total - gender,All ages,
1424106,2052,Saskatchewan,Projection scenario M1: medium-growth,Total - gender,All ages,
1426668,2052,Alberta,Projection scenario M1: medium-growth,Total - gender,All ages,
1429230,2052,British Columbia,Projection scenario M1: medium-growth,Total - gender,All ages,
1431792,2052,Yukon,Projection scenario M1: medium-growth,Total - gender,All ages,
1434354,2052,Northwest Territories,Projection scenario M1: medium-growth,Total - gender,All ages,
1436916,2052,Nunavut,Projection scenario M1: medium-growth,Total - gender,All ages,
1439487,2053,Canada,Projection scenario M1: medium-growth,Total - gender,All ages,49636.9
1443228,2053,Newfoundland and Labrador,Projection scenario M1: medium-growth,Total - gender,All ages,
1445790,2053,Prince Edward Island,Projection scenario M1: medium-growth,Total - gender,All ages,
1448352,2053,Nova Scotia,Projection scenario M1: medium-growth,Total - gender,All ages,
1450914,2053,New Brunswick,Projection scenario M1: medium-growth,Total - gender,All ages,
1453476,2053,Quebec,Projection scenario M1: medium-growth,Total - gender,All ages,
1456038,2053,Ontario,Projection scenario M1: medium-growth,Total - gender,All ages,
1458600,2053,Manitoba,Projection scenario M1: medium-growth,Total - gender,All ages,
1461162,2053,Saskatchewan,Projection scenario M1: medium-growth,Total - gender,All ages,
1463724,2053,Alberta,Projection scenario M1: medium-growth,Total - gender,All ages,
1466286,2053,British Columbia,Projection scenario M1: medium-growth,Total - gender,All ages,
1468848,2053,Yukon,Projection scenario M1: medium-growth,Total - gender,All ages,
1471410,2053,Northwest Territories,Projection scenario M1: medium-growth,Total - gender,All ages,
1473972,2053,Nunavut,Projection scenario M1: medium-growth,Total - gender,All ages,
1476543,2054,Canada,Projection scenario M1: medium-growth,Total - gender,All ages,49956.2
1480284,2054,Newfoundland and Labrador,Projection scenario M1: medium-growth,Total - gender,All ages,
1482846,2054,Prince Edward Island,Projection scenario M1: medium-growth,Total - gender,All ages,
1485408,2054,Nova Scotia,Projection scenario M1: medium-growth,Total - gender,All ages,
1487970,2054,New Brunswick,Projection scenario M1: medium-growth,Total - gender,All ages,
1490532,2054,Quebec,Projection scenario M1: medium-growth,Total - gender,All ages,
1493094,2054,Ontario,Projection scenario M1: medium-growth,Total - gender,All ages,
1495656,2054,Manitoba,Projection scenario M1: medium-growth,Total - gender,All ages,
1498218,2054,Saskatchewan,Projection scenario M1: medium-growth,Total - gender,All ages,
1500780,2054,Alberta,Projection scenario M1: medium-growth,Total - gender,All ages,
1503342,2054,British Columbia,Projection scenario M1: medium-growth,Total - gender,All ages,
1505904,2054,Yukon,Projection scenario M1: medium-growth,Total - gender,All ages,
1508466,2054,Northwest Territories,Projection scenario M1: medium-growth,Total - gender,All ages,
1511028,2054,Nunavut,Projection scenario M1: medium-growth,Total - gender,All ages,
1513599,2055,Canada,Projection scenario M1: medium-growth,Total - gender,All ages,50277.5
1517340,2055,Newfoundland and Labrador,Projection scenario M1: medium-growth,Total - gender,All ages,
1519902,2055,Prince Edward Island,Projection scenario M1: medium-growth,Total - gender,All ages,
1522464,2055,Nova Scotia,Projection scenario M1: medium-growth,Total - gender,All ages,
1525026,2055,New Brunswick,Projection scenario M1: medium-growth,Total - gender,All ages,
1527588,2055,Quebec,Projection scenario M1: medium-growth,Total - gender,All ages,
1530150,2055,Ontario,Projection scenario M1: medium-growth,Total - gender,All ages,
1532712,2055,Manitoba,Projection scenario M1: medium-growth,Total - gender,All ages,
1535274,2055,Saskatchewan,Projection scenario M1: medium-growth,Total - gender,All ages,
1537836,2055,Alberta,Projection scenario M1: medium-growth,Total - gender,All ages,
1540398,2055,British Columbia,Projection scenario M1: medium-growth,Total - gender,All ages,
1542960,2055,Yukon,Projection scenario M1: medium-growth,Total - gender,All ages,
1545522,2055,Northwest Territories,Projection scenario M1: medium-growth,Total - gender,All ages,
1548084,2055,Nunavut,Projection scenario M1: medium-growth,Total - gender,All ages,
1550655,2056,Canada,Projection scenario M1: medium-growth,Total - gender,All ages,50601.3
1554396,2056,Newfoundland and Labrador,Projection scenario M1: medium-growth,Total - gender,All ages,
1556958,2056,Prince Edward Island,Projection scenario M1: medium-growth,Total - gender,All ages,
1559520,2056,Nova Scotia,Projection scenario M1: medium-growth,Total - gender,All ages,
1562082,2056,New Brunswick,Projection scenario M1: medium-growth,Total - gender,All ages,
1564644,2056,Quebec,Projection scenario M1: medium-growth,Total - gender,All ages,
1567206,2056,Ontario,Projection scenario M1: medium-growth,Total - gender,All ages,
1569768,2056,Manitoba,Projection scenario M1: medium-growth,Total - gender,All ages,
1572330,2056,Saskatchewan,Projection scenario M1: medium-growth,Total - gender,All ages,
1574892,2056,Alberta,Projection scenario M1: medium-growth,Total - gender,All ages,
1577454,2056,British Columbia,Projection scenario M1: medium-growth,Total - gender,All ages,
1580016,2056,Yukon,Projection scenario M1: medium-growth,Total - gender,All ages,
1582578,2056,Northwest Territories,Projection scenario M1: medium-growth,Total - gender,All ages,
1585140,2056,Nunavut,Projection scenario M1: medium-growth,Total - gender,All ages,
1587711,2057,Canada,Projection scenario M1: medium-growth,Total - gender,All ages,50928.2
1591452,2057,Newfoundland and Labrador,Projection scenario M1: medium-growth,Total - gender,All ages,
1594014,2057,Prince Edward Island,Projection scenario M1: medium-growth,Total - gender,All ages,
1596576,2057,Nova Scotia,Projection scenario M1: medium-growth,Total - gender,All ages,
1599138,2057,New Brunswick,Projection scenario M1: medium-growth,Total - gender,All ages,
1601700,2057,Quebec,Projection scenario M1: medium-growth,Total - gender,All ages,
1604262,2057,Ontario,Projection scenario M1: medium-growth,Total - gender,All ages,
1606824,2057,Manitoba,Projection scenario M1: medium-growth,Total - gender,All ages,
1609386,2057,Saskatchewan,Projection scenario M1: medium-growth,Total - gender,All ages,
1611948,2057,Alberta,Projection scenario M1: medium-growth,Total - gender,All ages,
1614510,2057,British Columbia,Projection scenario M1: medium-growth,Total - gender,All ages,
1617072,2057,Yukon,Projection scenario M1: medium-growth,Total - gender,All ages,
1619634,2057,Northwest Territories,Projection scenario M1: medium-growth,Total - gender,All ages,
1622196,2057,Nunavut,Projection scenario M1: medium-growth,Total - gender,All ages,
1624767,2058,Canada,Projection scenario M1: medium-growth,Total - gender,All ages,51258.6
1628508,2058,Newfoundland and Labrador,Projection scenario M1: medium-growth,Total - gender,All ages,
1631070,2058,Prince Edward Island,Projection scenario M1: medium-growth,Total - gender,All ages,
1633632,2058,Nova Scotia,Projection scenario M1: medium-growth,Total - gender,All ages,
1636194,2058,New Brunswick,Projection scenario M1: medium-growth,Total - gender,All ages,
1638756,2058,Quebec,Projection scenario M1: medium-growth,Total - gender,All ages,
1641318,2058,Ontario,Projection scenario M1: medium-growth,Total - gender,All ages,
1643880,2058,Manitoba,Projection scenario M1: medium-growth,Total - gender,All ages,
1646442,2058,Saskatchewan,Projection scenario M1: medium-growth,Total - gender,All ages,
1649004,2058,Alberta,Projection scenario M1: medium-growth,Total - gender,All ages,
1651566,2058,British Columbia,Projection scenario M1: medium-growth,Total - gender,All ages,
1654128,2058,Yukon,Projection scenario M1: medium-growth,Total - gender,All ages,
1656690,2058,Northwest Territories,Projection scenario M1: medium-growth,Total - gender,All ages,
1659252,2058,Nunavut,Projection scenario M1: medium-growth,Total - gender,All ages,
1661823,2059,Canada,Projection scenario M1: medium-growth,Total - gender,All ages,51592.8
1665564,2059,Newfoundland and Labrador,Projection scenario M1: medium-growth,Total - gender,All ages,
1668126,2059,Prince Edward Island,Projection scenario M1: medium-growth,Total - gender,All ages,
1670688,2059,Nova Scotia,Projection scenario M1: medium-growth,Total - gender,All ages,
1673250,2059,New Brunswick,Projection scenario M1: medium-growth,Total - gender,All ages,
1675812,2059,Quebec,Projection scenario M1: medium-growth,Total - gender,All ages,
1678374,2059,Ontario,Projection scenario M1: medium-growth,Total - gender,All ages,
1680936,2059,Manitoba,Projection scenario M1: medium-growth,Total - gender,All ages,
1683498,2059,Saskatchewan,Projection scenario M1: medium-growth,Total - gender,All ages,
1686060,2059,Alberta,Projection scenario M1: medium-growth,Total - gender,All ages,
1688622,2059,British Columbia,Projection scenario M1: medium-growth,Total - gender,All ages,
1691184,2059,Yukon,Projection scenario M1: medium-growth,Total - gender,All ages,
1693746,2059,Northwest Territories,Projection scenario M1: medium-growth,Total - gender,All ages,
1696308,2059,Nunavut,Projection scenario M1: medium-growth,Total - gender,All ages,
1698879,2060,Canada,Projection scenario M1: medium-growth,Total - gender,All ages,51931.1
1702620,2060,Newfoundland and Labrador,Projection scenario M1: medium-growth,Total - gender,All ages,
1705182,2060,Prince Edward Island,Projection scenario M1: medium-growth,Total - gender,All ages,
1707744,2060,Nova Scotia,Projection scenario M1: medium-growth,Total - gender,All ages,
1710306,2060,New Brunswick,Projection scenario M1: medium-growth,Total - gender,All ages,
1712868,2060,Quebec,Projection scenario M1: medium-growth,Total - gender,All ages,
1715430,2060,Ontario,Projection scenario M1: medium-growth,Total - gender,All ages,
1717992,2060,Manitoba,Projection scenario M1: medium-growth,Total - gender,All ages,
1720554,2060,Saskatchewan,Projection scenario M1: medium-growth,Total - gender,All ages,
1723116,2060,Alberta,Projection scenario M1: medium-growth,Total - gender,All ages,
1725678,2060,British Columbia,Projection scenario M1: medium-growth,Total - gender,All ages,
1728240,2060,Yukon,Projection scenario M1: medium-growth,Total - gender,All ages,
1730802,2060,Northwest Territories,Projection scenario M1: medium-growth,Total - gender,All ages,
1733364,2060,Nunavut,Projection scenario M1: medium-growth,Total - gender,All ages,
1735935,2061,Canada,Projection scenario M1: medium-growth,Total - gender,All ages,52273.7
1739676,2061,Newfoundland and Labrador,Projection scenario M1: medium-growth,Total - gender,All ages,
1742238,2061,Prince Edward Island,Projection scenario M1: medium-growth,Total - gender,All ages,
1744800,2061,Nova Scotia,Projection scenario M1: medium-growth,Total - gender,All ages,
1747362,2061,New Brunswick,Projection scenario M1: medium-growth,Total - gender,All ages,
1749924,2061,Quebec,Projection scenario M1: medium-growth,Total - gender,All ages,
1752486,2061,Ontario,Projection scenario M1: medium-growth,Total - gender,All ages,
1755048,2061,Manitoba,Projection scenario M1: medium-growth,Total - gender,All ages,
1757610,2061,Saskatchewan,Projection scenario M1: medium-growth,Total - gender,All ages,
1760172,2061,Alberta,Projection scenario M1: medium-growth,Total - gender,All ages,
1762734,2061,British Columbia,Projection scenario M1: medium-growth,Total - gender,All ages,
1765296,2061,Yukon,Projection scenario M1: medium-growth,Total - gender,All ages,
1767858,2061,Northwest Territories,Projection scenario M1: medium-growth,Total - gender,All ages,
1770420,2061,Nunavut,Projection scenario M1: medium-growth,Total - gender,All ages,
1772991,2062,Canada,Projection scenario M1: medium-growth,Total - gender,All ages,52620.6
1776732,2062,Newfoundland and Labrador,Projection scenario M1: medium-growth,Total - gender,All ages,
1779294,2062,Prince Edward Island,Projection scenario M1: medium-growth,Total - gender,All ages,
1781856,2062,Nova Scotia,Projection scenario M1: medium-growth,Total - gender,All ages,
1784418,2062,New Brunswick,Projection scenario M1: medium-growth,Total - gender,All ages,
1786980,2062,Quebec,Projection scenario M1: medium-growth,Total - gender,All ages,
1789542,2062,Ontario,Projection scenario M1: medium-growth,Total - gender,All ages,
1792104,2062,Manitoba,Projection scenario M1: medium-growth,Total - gender,All ages,
1794666,2062,Saskatchewan,Projection scenario M1: medium-growth,Total - gender,All ages,
1797228,2062,Alberta,Projection scenario M1: medium-growth,Total - gender,All ages,
1799790,2062,British Columbia,Projection scenario M1: medium-growth,Total - gender,All ages,
1802352,2062,Yukon,Projection scenario M1: medium-growth,Total - gender,All ages,
1804914,2062,Northwest Territories,Projection scenario M1: medium-growth,Total - gender,All ages,
1807476,2062,Nunavut,Projection scenario M1: medium-growth,Total - gender,All ages,
1810047,2063,Canada,Projection scenario M1: medium-growth,Total - gender,All ages,52971.7
1813788,2063,Newfoundland and Labrador,Projection scenario M1: medium-growth,Total - gender,All ages,
1816350,2063,Prince Edward Island,Projection scenario M1: medium-growth,Total - gender,All ages,
1818912,2063,Nova Scotia,Projection scenario M1: medium-growth,Total - gender,All ages,
1821474,2063,New Brunswick,Projection scenario M1: medium-growth,Total - gender,All ages,
1824036,2063,Quebec,Projection scenario M1: medium-growth,Total - gender,All ages,
1826598,2063,Ontario,Projection scenario M1: medium-growth,Total - gender,All ages,
1829160,2063,Manitoba,Projection scenario M1: medium-growth,Total - gender,All ages,
1831722,2063,Saskatchewan,Projection scenario M1: medium-growth,Total - gender,All ages,
1834284,2063,Alberta,Projection scenario M1: medium-growth,Total - gender,All ages,
1836846,2063,British Columbia,Projection scenario M1: medium-growth,Total - gender,All ages,
1839408,2063,Yukon,Projection scenario M1: medium-growth,Total - gender,All ages,
1841970,2063,Northwest Territories,Projection scenario M1: medium-growth,Total - gender,All ages,
1844532,2063,Nunavut,Projection scenario M1: medium-growth,Total - gender,All ages,
1847103,2064,Canada,Projection scenario M1: medium-growth,Total - gender,All ages,53327.0
1850853,2065,Canada,Projection scenario M1: medium-growth,Total - gender,All ages,53686.2
1854603,2066,Canada,Projection scenario M1: medium-growth,Total - gender,All ages,54049.0
1858353,2067,Canada,Projection scenario M1: medium-growth,Total - gender,All ages,54415.2
1862103,2068,Canada,Projection scenario M1: medium-growth,Total - gender,All ages,54784.2
1865853,2069,Canada,Projection scenario M1: medium-growth,Total - gender,All ages,55155.9
1869603,2070,Canada,Projection scenario M1: medium-growth,Total - gender,All ages,55530.0
1873353,2071,Canada,Projection scenario M1: medium-growth,Total - gender,All ages,55906.0
1877103,2072,Canada,Projection scenario M1: medium-growth,Total - gender,All ages,56283.6
1880853,2073,Canada,Projection scenario M1: medium-growth,Total - gender,All ages,56662.7
1884603,2074,Canada,Projection scenario M1: medium-growth,Total - gender,All ages,57042.9
1888353,2075,Canada,Projection scenario M1: medium-growth,Total - gender,All ages,57423.7
