,REF_DATE,GEO,Class of electricity producer,Type of electricity generation,VALUE
31193,2018-01,Newfoundland and Labrador,Total all classes of electricity producer,Hydraulic turbine,4586629.0
31223,2018-01,Prince Edward Island,Total all classes of electricity producer,Hydraulic turbine,0.0
31249,2018-01,Nova Scotia,Total all classes of electricity producer,Hydraulic turbine,103246.0
31275,2018-01,New Brunswick,Total all classes of electricity producer,Hydraulic turbine,259786.0
31306,2018-01,Quebec,Total all classes of electricity producer,Hydraulic turbine,21768608.0
31334,2018-01,Ontario,Total all classes of electricity producer,Hydraulic turbine,3579263.0
31363,2018-01,Manitoba,Total all classes of electricity producer,Hydraulic turbine,2818358.0
31389,2018-01,Saskatchewan,Total all classes of electricity producer,Hydraulic turbine,337450.0
31415,2018-01,Alberta,Total all classes of electricity producer,Hydraulic turbine,103695.0
31442,2018-01,British Columbia,Total all classes of electricity producer,Hydraulic turbine,5905363.0
31567,2018-02,Newfoundland and Labrador,Total all classes of electricity producer,Hydraulic turbine,4167783.0
31597,2018-02,Prince Edward Island,Total all classes of electricity producer,Hydraulic turbine,0.0
31623,2018-02,Nova Scotia,Total all classes of electricity producer,Hydraulic turbine,106972.0
31649,2018-02,New Brunswick,Total all classes of electricity producer,Hydraulic turbine,184767.0
31680,2018-02,Quebec,Total all classes of electricity producer,Hydraulic turbine,18334708.0
31708,2018-02,Ontario,Total all classes of electricity producer,Hydraulic turbine,3176001.0
31737,2018-02,Manitoba,Total all classes of electricity producer,Hydraulic turbine,2551756.0
31763,2018-02,Saskatchewan,Total all classes of electricity producer,Hydraulic turbine,268548.0
31789,2018-02,Alberta,Total all classes of electricity producer,Hydraulic turbine,102802.0
31816,2018-02,British Columbia,Total all classes of electricity producer,Hydraulic turbine,5307636.0
31941,2018-03,Newfoundland and Labrador,Total all classes of electricity producer,Hydraulic turbine,4516594.0
31971,2018-03,Prince Edward Island,Total all classes of electricity producer,Hydraulic turbine,0.0
31997,2018-03,Nova Scotia,Total all classes of electricity producer,Hydraulic turbine,94225.0
32023,2018-03,New Brunswick,Total all classes of electricity producer,Hydraulic turbine,189312.0
32054,2018-03,Quebec,Total all classes of electricity producer,Hydraulic turbine,18369200.0
32082,2018-03,Ontario,Total all classes of electricity producer,Hydraulic turbine,3121381.0
32111,2018-03,Manitoba,Total all classes of electricity producer,Hydraulic turbine,2863142.0
32137,2018-03,Saskatchewan,Total all classes of electricity producer,Hydraulic turbine,268207.0
32163,2018-03,Alberta,Total all classes of electricity producer,Hydraulic turbine,109119.0
32190,2018-03,British Columbia,Total all classes of electricity producer,Hydraulic turbine,5475802.0
32315,2018-04,Newfoundland and Labrador,Total all classes of electricity producer,Hydraulic turbine,3446076.0
32345,2018-04,Prince Edward Island,Total all classes of electricity producer,Hydraulic turbine,0.0
32371,2018-04,Nova Scotia,Total all classes of electricity producer,Hydraulic turbine,110612.0
32397,2018-04,New Brunswick,Total all classes of electricity producer,Hydraulic turbine,402714.0
32428,2018-04,Quebec,Total all classes of electricity producer,Hydraulic turbine,16596715.0
32456,2018-04,Ontario,Total all classes of electricity producer,Hydraulic turbine,2805590.0
32485,2018-04,Manitoba,Total all classes of electricity producer,Hydraulic turbine,2429199.0
32511,2018-04,Saskatchewan,Total all classes of electricity producer,Hydraulic turbine,262542.0
32537,2018-04,Alberta,Total all classes of electricity producer,Hydraulic turbine,129920.0
32564,2018-04,British Columbia,Total all classes of electricity producer,Hydraulic turbine,4234580.0
32689,2018-05,Newfoundland and Labrador,Total all classes of electricity producer,Hydraulic turbine,2921288.0
32719,2018-05,Prince Edward Island,Total all classes of electricity producer,Hydraulic turbine,0.0
32745,2018-05,Nova Scotia,Total all classes of electricity producer,Hydraulic turbine,106853.0
32771,2018-05,New Brunswick,Total all classes of electricity producer,Hydraulic turbine,433024.0
32802,2018-05,Quebec,Total all classes of electricity producer,Hydraulic turbine,14322901.0
32830,2018-05,Ontario,Total all classes of electricity producer,Hydraulic turbine,3529145.0
32859,2018-05,Manitoba,Total all classes of electricity producer,Hydraulic turbine,2534075.0
32885,2018-05,Saskatchewan,Total all classes of electricity producer,Hydraulic turbine,532306.0
32911,2018-05,Alberta,Total all classes of electricity producer,Hydraulic turbine,229431.0
32938,2018-05,British Columbia,Total all classes of electricity producer,Hydraulic turbine,4536107.0
33063,2018-06,Newfoundland and Labrador,Total all classes of electricity producer,Hydraulic turbine,2525244.0
33093,2018-06,Prince Edward Island,Total all classes of electricity producer,Hydraulic turbine,0.0
33119,2018-06,Nova Scotia,Total all classes of electricity producer,Hydraulic turbine,60778.0
33145,2018-06,New Brunswick,Total all classes of electricity producer,Hydraulic turbine,160009.0
33176,2018-06,Quebec,Total all classes of electricity producer,Hydraulic turbine,14224356.0
33204,2018-06,Ontario,Total all classes of electricity producer,Hydraulic turbine,3256394.0
33233,2018-06,Manitoba,Total all classes of electricity producer,Hydraulic turbine,2458492.0
33259,2018-06,Saskatchewan,Total all classes of electricity producer,Hydraulic turbine,389004.0
33285,2018-06,Alberta,Total all classes of electricity producer,Hydraulic turbine,234825.0
33312,2018-06,British Columbia,Total all classes of electricity producer,Hydraulic turbine,4607841.0
33437,2018-07,Newfoundland and Labrador,Total all classes of electricity producer,Hydraulic turbine,2812476.0
33467,2018-07,Prince Edward Island,Total all classes of electricity producer,Hydraulic turbine,0.0
33493,2018-07,Nova Scotia,Total all classes of electricity producer,Hydraulic turbine,55072.0
33519,2018-07,New Brunswick,Total all classes of electricity producer,Hydraulic turbine,84271.0
33550,2018-07,Quebec,Total all classes of electricity producer,Hydraulic turbine,15516223.0
33578,2018-07,Ontario,Total all classes of electricity producer,Hydraulic turbine,2893069.0
33607,2018-07,Manitoba,Total all classes of electricity producer,Hydraulic turbine,2789305.0
33633,2018-07,Saskatchewan,Total all classes of electricity producer,Hydraulic turbine,272284.0
33659,2018-07,Alberta,Total all classes of electricity producer,Hydraulic turbine,300957.0
33686,2018-07,British Columbia,Total all classes of electricity producer,Hydraulic turbine,5484785.0
33811,2018-08,Newfoundland and Labrador,Total all classes of electricity producer,Hydraulic turbine,2907772.0
33841,2018-08,Prince Edward Island,Total all classes of electricity producer,Hydraulic turbine,0.0
33867,2018-08,Nova Scotia,Total all classes of electricity producer,Hydraulic turbine,22558.0
33893,2018-08,New Brunswick,Total all classes of electricity producer,Hydraulic turbine,112824.0
33924,2018-08,Quebec,Total all classes of electricity producer,Hydraulic turbine,15473579.0
33952,2018-08,Ontario,Total all classes of electricity producer,Hydraulic turbine,2675601.0
33981,2018-08,Manitoba,Total all classes of electricity producer,Hydraulic turbine,2556547.0
34007,2018-08,Saskatchewan,Total all classes of electricity producer,Hydraulic turbine,236749.0
34033,2018-08,Alberta,Total all classes of electricity producer,Hydraulic turbine,243550.0
34060,2018-08,British Columbia,Total all classes of electricity producer,Hydraulic turbine,5163032.0
34185,2018-09,Newfoundland and Labrador,Total all classes of electricity producer,Hydraulic turbine,2615753.0
34215,2018-09,Prince Edward Island,Total all classes of electricity producer,Hydraulic turbine,0.0
34241,2018-09,Nova Scotia,Total all classes of electricity producer,Hydraulic turbine,19942.0
34267,2018-09,New Brunswick,Total all classes of electricity producer,Hydraulic turbine,57932.0
34298,2018-09,Quebec,Total all classes of electricity producer,Hydraulic turbine,13805134.0
34326,2018-09,Ontario,Total all classes of electricity producer,Hydraulic turbine,2707305.0
34355,2018-09,Manitoba,Total all classes of electricity producer,Hydraulic turbine,2119403.0
34381,2018-09,Saskatchewan,Total all classes of electricity producer,Hydraulic turbine,211972.0
34407,2018-09,Alberta,Total all classes of electricity producer,Hydraulic turbine,169452.0
34434,2018-09,British Columbia,Total all classes of electricity producer,Hydraulic turbine,4376089.0
34559,2018-10,Newfoundland and Labrador,Total all classes of electricity producer,Hydraulic turbine,3001746.0
34589,2018-10,Prince Edward Island,Total all classes of electricity producer,Hydraulic turbine,0.0
34615,2018-10,Nova Scotia,Total all classes of electricity producer,Hydraulic turbine,40027.0
34641,2018-10,New Brunswick,Total all classes of electricity producer,Hydraulic turbine,122064.0
34672,2018-10,Quebec,Total all classes of electricity producer,Hydraulic turbine,14709225.0
34700,2018-10,Ontario,Total all classes of electricity producer,Hydraulic turbine,3145572.0
34729,2018-10,Manitoba,Total all classes of electricity producer,Hydraulic turbine,2209042.0
34755,2018-10,Saskatchewan,Total all classes of electricity producer,Hydraulic turbine,247472.0
34781,2018-10,Alberta,Total all classes of electricity producer,Hydraulic turbine,127016.0
34808,2018-10,British Columbia,Total all classes of electricity producer,Hydraulic turbine,5210615.0
34933,2018-11,Newfoundland and Labrador,Total all classes of electricity producer,Hydraulic turbine,3959421.0
34963,2018-11,Prince Edward Island,Total all classes of electricity producer,Hydraulic turbine,0.0
34989,2018-11,Nova Scotia,Total all classes of electricity producer,Hydraulic turbine,92871.0
35015,2018-11,New Brunswick,Total all classes of electricity producer,Hydraulic turbine,271479.0
35046,2018-11,Quebec,Total all classes of electricity producer,Hydraulic turbine,17742181.0
35074,2018-11,Ontario,Total all classes of electricity producer,Hydraulic turbine,3328991.0
35103,2018-11,Manitoba,Total all classes of electricity producer,Hydraulic turbine,2520798.0
35129,2018-11,Saskatchewan,Total all classes of electricity producer,Hydraulic turbine,227744.0
35155,2018-11,Alberta,Total all classes of electricity producer,Hydraulic turbine,122492.0
35182,2018-11,British Columbia,Total all classes of electricity producer,Hydraulic turbine,4767222.0
35307,2018-12,Newfoundland and Labrador,Total all classes of electricity producer,Hydraulic turbine,4644322.0
35337,2018-12,Prince Edward Island,Total all classes of electricity producer,Hydraulic turbine,0.0
35363,2018-12,Nova Scotia,Total all classes of electricity producer,Hydraulic turbine,108709.0
35389,2018-12,New Brunswick,Total all classes of electricity producer,Hydraulic turbine,251368.0
35420,2018-12,Quebec,Total all classes of electricity producer,Hydraulic turbine,20144663.0
35448,2018-12,Ontario,Total all classes of electricity producer,Hydraulic turbine,3469601.0
35477,2018-12,Manitoba,Total all classes of electricity producer,Hydraulic turbine,2882066.0
35503,2018-12,Saskatchewan,Total all classes of electricity producer,Hydraulic turbine,292622.0
35529,2018-12,Alberta,Total all classes of electricity producer,Hydraulic turbine,124332.0
35556,2018-12,British Columbia,Total all classes of electricity producer,Hydraulic turbine,5364967.0
